use usp;
-- MySQL dump 10.13  Distrib 5.5.53, for debian-linux-gnu (x86_64)
--
-- Host: localhost    Database: usp
-- ------------------------------------------------------
-- Server version	5.5.53-0ubuntu0.14.04.1

/*!40101 SET @OLD_CHARACTER_SET_CLIENT=@@CHARACTER_SET_CLIENT */;
/*!40101 SET @OLD_CHARACTER_SET_RESULTS=@@CHARACTER_SET_RESULTS */;
/*!40101 SET @OLD_COLLATION_CONNECTION=@@COLLATION_CONNECTION */;
/*!40101 SET NAMES utf8 */;
/*!40103 SET @OLD_TIME_ZONE=@@TIME_ZONE */;
/*!40103 SET TIME_ZONE='+00:00' */;
/*!40014 SET @OLD_UNIQUE_CHECKS=@@UNIQUE_CHECKS, UNIQUE_CHECKS=0 */;
/*!40014 SET @OLD_FOREIGN_KEY_CHECKS=@@FOREIGN_KEY_CHECKS, FOREIGN_KEY_CHECKS=0 */;
/*!40101 SET @OLD_SQL_MODE=@@SQL_MODE, SQL_MODE='NO_AUTO_VALUE_ON_ZERO' */;
/*!40111 SET @OLD_SQL_NOTES=@@SQL_NOTES, SQL_NOTES=0 */;

--
-- Table structure for table `R_ROLE_PERMISSION`
--

DROP TABLE IF EXISTS `R_ROLE_PERMISSION`;
/*!40101 SET @saved_cs_client     = @@character_set_client */;
/*!40101 SET character_set_client = utf8 */;
CREATE TABLE `R_ROLE_PERMISSION` (
  `ID` bigint(20) NOT NULL AUTO_INCREMENT,
  `ROLE_ID` bigint(20) DEFAULT NULL,
  `PERMISSION_ID` bigint(20) DEFAULT NULL,
  `DELETED` tinyint(4) DEFAULT '0',
  `CREATE_AT` datetime DEFAULT NULL,
  `UPDATE_AT` datetime DEFAULT NULL,
  `CREATE_BY` bigint(20) DEFAULT NULL,
  `UPDATE_BY` bigint(20) DEFAULT NULL,
  `DATA_SOURCE` varchar(45) DEFAULT NULL,
  PRIMARY KEY (`ID`)
) ENGINE=InnoDB AUTO_INCREMENT=17 DEFAULT CHARSET=utf8;
/*!40101 SET character_set_client = @saved_cs_client */;

--
-- Dumping data for table `R_ROLE_PERMISSION`
--

LOCK TABLES `R_ROLE_PERMISSION` WRITE;
/*!40000 ALTER TABLE `R_ROLE_PERMISSION` DISABLE KEYS */;
INSERT INTO `R_ROLE_PERMISSION` VALUES (3,34,12,0,'2016-12-23 00:00:00',NULL,NULL,NULL,'system'),(4,34,13,0,'2016-12-23 00:00:00',NULL,NULL,NULL,'system'),(6,35,15,0,'2016-12-23 00:00:00',NULL,NULL,NULL,'system'),(7,36,16,0,'2016-12-23 00:00:00',NULL,NULL,NULL,'system'),(10,43,19,0,'2016-12-23 00:00:00',NULL,NULL,NULL,'system'),(11,43,20,0,'2016-12-23 00:00:00',NULL,NULL,NULL,'system'),(13,44,22,0,'2016-12-23 00:00:00',NULL,NULL,NULL,'system'),(14,45,23,0,'2016-12-23 00:00:00',NULL,NULL,NULL,'system');
/*!40000 ALTER TABLE `R_ROLE_PERMISSION` ENABLE KEYS */;
UNLOCK TABLES;

--
-- Table structure for table `R_USER_ROLE`
--

DROP TABLE IF EXISTS `R_USER_ROLE`;
/*!40101 SET @saved_cs_client     = @@character_set_client */;
/*!40101 SET character_set_client = utf8 */;
CREATE TABLE `R_USER_ROLE` (
  `ID` bigint(20) NOT NULL,
  `USER_ID` bigint(20) DEFAULT NULL,
  `ROLE_ID` bigint(20) DEFAULT NULL,
  `DELETED` tinyint(4) DEFAULT '0',
  `CREATE_AT` datetime DEFAULT NULL,
  `UPDATE_AT` datetime DEFAULT NULL,
  `CREATE_BY` bigint(20) DEFAULT NULL,
  `UPDATE_BY` bigint(20) DEFAULT NULL,
  `DATA_SOURCE` varchar(45) DEFAULT NULL,
  PRIMARY KEY (`ID`)
) ENGINE=InnoDB DEFAULT CHARSET=utf8;
/*!40101 SET character_set_client = @saved_cs_client */;

--
-- Dumping data for table `R_USER_ROLE`
--

LOCK TABLES `R_USER_ROLE` WRITE;
/*!40000 ALTER TABLE `R_USER_ROLE` DISABLE KEYS */;
INSERT INTO `R_USER_ROLE` VALUES (6065344719090,6065334730578,17,0,'2016-12-23 06:04:47',NULL,6065334730578,NULL,'SYSTEM'),(6116022177096,6116015357888,21,0,'2016-12-23 06:05:37',NULL,6116015357888,NULL,'SYSTEM'),(6199525718811,6199508460395,25,0,'2016-12-23 06:07:01',NULL,6199508460395,NULL,'SYSTEM'),(6270479983010,6270470506077,29,0,'2016-12-23 06:08:12',NULL,6270470506077,NULL,'SYSTEM'),(6384635801912,6384623619835,37,0,'2016-12-23 06:10:06',NULL,6384623619835,NULL,'SYSTEM');
/*!40000 ALTER TABLE `R_USER_ROLE` ENABLE KEYS */;
UNLOCK TABLES;

--
-- Table structure for table `T_PERMISSION`
--

DROP TABLE IF EXISTS `T_PERMISSION`;
/*!40101 SET @saved_cs_client     = @@character_set_client */;
/*!40101 SET character_set_client = utf8 */;
CREATE TABLE `T_PERMISSION` (
  `ID` bigint(20) NOT NULL AUTO_INCREMENT,
  `CODE` varchar(45) DEFAULT NULL,
  `NAME` varchar(45) NOT NULL,
  `LABEL` varchar(45) DEFAULT NULL,
  `DESCRIPTION` varchar(45) DEFAULT NULL,
  `DELETED` tinyint(4) DEFAULT '0',
  PRIMARY KEY (`ID`)
) ENGINE=InnoDB AUTO_INCREMENT=37 DEFAULT CHARSET=utf8;
/*!40101 SET character_set_client = @saved_cs_client */;

--
-- Dumping data for table `T_PERMISSION`
--

LOCK TABLES `T_PERMISSION` WRITE;
/*!40000 ALTER TABLE `T_PERMISSION` DISABLE KEYS */;
INSERT INTO `T_PERMISSION` VALUES (3,NULL,'PERM-TEST-3995024331549','LABEL-TEST',NULL,NULL),(4,NULL,'PERM-TEST-3995024359788','LABEL-TEST',NULL,NULL),(5,NULL,'PERM-TEST-3995372404486','LABEL-TEST',NULL,NULL),(6,NULL,'PERM-TEST-3995372413548','LABEL-TEST',NULL,NULL),(7,NULL,'PERM-TEST-3995476066674','LABEL-TEST',NULL,NULL),(8,NULL,'PERM-TEST-3995476075793','LABEL-TEST',NULL,NULL),(9,NULL,'PERM-TEST-3995591818956','LABEL-TEST',NULL,NULL),(10,NULL,'PERM-TEST-6271018060884','LABEL-TEST',NULL,NULL),(11,NULL,'PERM-TEST-6271018090223','LABEL-TEST',NULL,NULL),(12,NULL,'PERM-TEST-6271453465770','LABEL-TEST',NULL,NULL),(13,NULL,'PERM-TEST-6271453476226','LABEL-TEST',NULL,NULL),(14,NULL,'PERM-TEST-6271565323201','LABEL-TEST',NULL,NULL),(15,NULL,'PERM-TEST-6271565334731','LABEL-TEST',NULL,NULL),(16,NULL,'PERM-TEST-6271696269942','LABEL-TEST',NULL,NULL),(17,NULL,'PERM-TEST-6385099162812','LABEL-TEST',NULL,NULL),(18,NULL,'PERM-TEST-6385099182763','LABEL-TEST',NULL,NULL),(19,NULL,'PERM-TEST-6385583917669','LABEL-TEST',NULL,NULL),(20,NULL,'PERM-TEST-6385583928984','LABEL-TEST',NULL,NULL),(21,NULL,'PERM-TEST-6385725919034','LABEL-TEST',NULL,NULL),(22,NULL,'PERM-TEST-6385725929059','LABEL-TEST',NULL,NULL),(23,NULL,'PERM-TEST-6385864950981','LABEL-TEST',NULL,NULL);
/*!40000 ALTER TABLE `T_PERMISSION` ENABLE KEYS */;
UNLOCK TABLES;

--
-- Table structure for table `T_ROLE`
--

DROP TABLE IF EXISTS `T_ROLE`;
/*!40101 SET @saved_cs_client     = @@character_set_client */;
/*!40101 SET character_set_client = utf8 */;
CREATE TABLE `T_ROLE` (
  `ID` int(11) NOT NULL AUTO_INCREMENT,
  `CODE` varchar(45) DEFAULT NULL,
  `NAME` varchar(45) NOT NULL,
  `LABEL` varchar(45) DEFAULT NULL,
  `DESCRIPTION` varchar(45) DEFAULT NULL,
  `DELETED` tinyint(4) DEFAULT '0',
  `CREATE_AT` datetime DEFAULT NULL,
  `UPDATE_AT` datetime DEFAULT NULL,
  `CREATE_BY` bigint(20) DEFAULT NULL,
  `UPDATE_BY` bigint(20) DEFAULT NULL,
  `DATA_SOURCE` varchar(45) DEFAULT NULL,
  PRIMARY KEY (`ID`)
) ENGINE=InnoDB AUTO_INCREMENT=75 DEFAULT CHARSET=utf8;
/*!40101 SET character_set_client = @saved_cs_client */;

--
-- Dumping data for table `T_ROLE`
--

LOCK TABLES `T_ROLE` WRITE;
/*!40000 ALTER TABLE `T_ROLE` DISABLE KEYS */;
INSERT INTO `T_ROLE` VALUES (1,'ROLE_TEST-','ROLE-TEST-5444200247422',NULL,NULL,0,'2016-12-23 05:54:26',NULL,NULL,NULL,NULL),(2,'ROLE_TEST-','ROLE-TEST-5444414433464',NULL,'dec_test',0,'2016-12-23 00:00:00',NULL,NULL,NULL,NULL),(3,'ROLE_TEST-','ROLE-TEST-5444952776976',NULL,NULL,0,'2016-12-23 05:54:26',NULL,NULL,NULL,NULL),(5,'ROLE-TEST','ROLE-TEST-5847087891331',NULL,NULL,0,'2016-12-23 06:01:08',NULL,NULL,NULL,NULL),(6,'ROLE-TEST','ROLE-TEST-5847424185745',NULL,'dec_test',0,'2016-12-23 00:00:00',NULL,NULL,NULL,NULL),(7,'ROLE-TEST','ROLE-TEST-5847805095331',NULL,NULL,0,'2016-12-23 06:01:09',NULL,NULL,NULL,NULL),(9,'ROLE-TEST','ROLE-TEST-5894964231907',NULL,NULL,0,'2016-12-23 06:01:56',NULL,NULL,NULL,NULL),(10,'ROLE-TEST','ROLE-TEST-5895352857313',NULL,'dec_test',0,'2016-12-23 00:00:00',NULL,NULL,NULL,NULL),(11,'ROLE-TEST','ROLE-TEST-5895773246123',NULL,NULL,0,'2016-12-23 06:01:57',NULL,NULL,NULL,NULL),(13,'ROLE-TEST','ROLE-TEST-5995662976942',NULL,NULL,0,'2016-12-23 06:03:37',NULL,NULL,NULL,NULL),(14,'ROLE-TEST','ROLE-TEST-5996019080458',NULL,'dec_test',0,'2016-12-23 00:00:00',NULL,NULL,NULL,NULL),(15,'ROLE-TEST','ROLE-TEST-5996506818289',NULL,NULL,0,'2016-12-23 06:03:38',NULL,NULL,NULL,NULL),(17,'ROLE-TEST','ROLE-TEST-6065235318643',NULL,NULL,0,'2016-12-23 06:04:47',NULL,NULL,NULL,NULL),(18,'ROLE-TEST','ROLE-TEST-6065474438858',NULL,'dec_test',0,'2016-12-23 00:00:00',NULL,NULL,NULL,NULL),(19,'ROLE-TEST','ROLE-TEST-6066107348214',NULL,NULL,0,'2016-12-23 06:04:47',NULL,NULL,NULL,NULL),(21,'ROLE-TEST','ROLE-TEST-6115900795191',NULL,NULL,0,'2016-12-23 06:05:37',NULL,NULL,NULL,NULL),(22,'ROLE-TEST','ROLE-TEST-6116195320743',NULL,'dec_test',0,'2016-12-23 00:00:00',NULL,NULL,NULL,NULL),(23,'ROLE-TEST','ROLE-TEST-6116713862268',NULL,NULL,0,'2016-12-23 06:05:38',NULL,NULL,NULL,NULL),(25,'ROLE-TEST','ROLE-TEST-6199355489863',NULL,NULL,0,'2016-12-23 06:07:01',NULL,NULL,NULL,NULL),(26,'ROLE-TEST','ROLE-TEST-6199720372856',NULL,'dec_test',0,'2016-12-23 00:00:00',NULL,NULL,NULL,NULL),(27,'ROLE-TEST','ROLE-TEST-6200215692426',NULL,NULL,0,'2016-12-23 06:07:02',NULL,NULL,NULL,NULL),(29,'ROLE-TEST','ROLE-TEST-6270374305907',NULL,NULL,0,'2016-12-23 06:08:12',NULL,NULL,NULL,NULL),(30,'ROLE-TEST','ROLE-TEST-6270667673133',NULL,'dec_test',0,'2016-12-23 00:00:00',NULL,NULL,NULL,NULL),(31,'ROLE-TEST','ROLE-TEST-6271048742468',NULL,NULL,0,'2016-12-23 06:08:12',NULL,NULL,NULL,NULL),(32,'ROLE-TEST','ROLE-TEST-6271269485751',NULL,NULL,0,'2016-12-23 06:08:13',NULL,NULL,NULL,NULL),(34,'ROLE-TEST','ROLE-TEST-6271471206443',NULL,NULL,0,'2016-12-23 06:08:13',NULL,NULL,NULL,NULL),(35,'ROLE-TEST','ROLE-TEST-6271579825374',NULL,NULL,0,'2016-12-23 06:08:13',NULL,NULL,NULL,NULL),(36,'ROLE-TEST','ROLE-TEST-6271717803183',NULL,NULL,0,'2016-12-23 06:08:13',NULL,NULL,NULL,NULL),(37,'ROLE-TEST','ROLE-TEST-6384503218825',NULL,NULL,0,'2016-12-23 06:10:06',NULL,NULL,NULL,NULL),(38,'ROLE-TEST','ROLE-TEST-6384796128627',NULL,'dec_test',0,'2016-12-23 00:00:00',NULL,NULL,NULL,NULL),(39,'ROLE-TEST','ROLE-TEST-6385113968464',NULL,NULL,0,'2016-12-23 06:10:06',NULL,NULL,NULL,NULL),(40,'ROLE-TEST','NURSE',NULL,NULL,0,'2016-12-23 06:10:07',NULL,NULL,NULL,NULL),(41,'ROLE-TEST','ROLE-TEST-6385394748825',NULL,NULL,0,'2016-12-23 06:10:07',NULL,NULL,NULL,NULL),(43,'ROLE-TEST','ROLE-TEST-6385607101109',NULL,NULL,0,'2016-12-23 06:10:07',NULL,NULL,NULL,NULL),(44,'ROLE-TEST','ROLE-TEST-6385741882695',NULL,NULL,0,'2016-12-23 06:10:07',NULL,NULL,NULL,NULL),(45,'ROLE-TEST','ROLE-TEST-6385878067316',NULL,NULL,0,'2016-12-23 06:10:07',NULL,NULL,NULL,NULL);
/*!40000 ALTER TABLE `T_ROLE` ENABLE KEYS */;
UNLOCK TABLES;

--
-- Table structure for table `T_TOKEN`
--

DROP TABLE IF EXISTS `T_TOKEN`;
/*!40101 SET @saved_cs_client     = @@character_set_client */;
/*!40101 SET character_set_client = utf8 */;
CREATE TABLE `T_TOKEN` (
  `TOKEN_VALUE` varchar(100) NOT NULL,
  `TERMINAL_IP` varchar(45) DEFAULT NULL,
  `ACTIVE` tinyint(4) DEFAULT '1',
  `USERNAME` varchar(45) DEFAULT NULL,
  `PASSWORD` varchar(45) DEFAULT NULL,
  `LAST_MODIFIED` varchar(45) DEFAULT NULL,
  PRIMARY KEY (`TOKEN_VALUE`)
) ENGINE=InnoDB DEFAULT CHARSET=utf8;
/*!40101 SET character_set_client = @saved_cs_client */;

--
-- Dumping data for table `T_TOKEN`
--

LOCK TABLES `T_TOKEN` WRITE;
/*!40000 ALTER TABLE `T_TOKEN` DISABLE KEYS */;
/*!40000 ALTER TABLE `T_TOKEN` ENABLE KEYS */;
UNLOCK TABLES;

--
-- Table structure for table `T_USER`
--

DROP TABLE IF EXISTS `T_USER`;
/*!40101 SET @saved_cs_client     = @@character_set_client */;
/*!40101 SET character_set_client = utf8 */;
CREATE TABLE `T_USER` (
  `ID` bigint(20) NOT NULL,
  `CODE` varchar(45) DEFAULT NULL,
  `USERNAME` varchar(45) DEFAULT NULL,
  `PASSWORD` varchar(45) DEFAULT NULL,
  `NAME` varchar(45) DEFAULT NULL,
  `GENDER` char(1) DEFAULT NULL,
  `MOBILE_PHONE` varchar(45) DEFAULT NULL,
  `TELEPHONE` varchar(45) DEFAULT NULL,
  `EMAIL` varchar(45) DEFAULT NULL,
  `ACTIVE` tinyint(4) DEFAULT '1',
  `LOCKED` tinyint(4) DEFAULT '0',
  `DELETED` tinyint(4) DEFAULT '0',
  `CREATE_AT` datetime DEFAULT NULL,
  `UPDATE_AT` datetime DEFAULT NULL,
  `CREATE_BY` bigint(20) DEFAULT NULL,
  `UPDATE_BY` bigint(20) DEFAULT NULL,
  `DATA_SOURCE` varchar(45) DEFAULT NULL,
  PRIMARY KEY (`ID`)
) ENGINE=InnoDB DEFAULT CHARSET=utf8;
/*!40101 SET character_set_client = @saved_cs_client */;

--
-- Dumping data for table `T_USER`
--

LOCK TABLES `T_USER` WRITE;
/*!40000 ALTER TABLE `T_USER` DISABLE KEYS */;
INSERT INTO `T_USER` VALUES (5895105839110,'code-test','user-test-5895105853671','123','USER-TEST','M','189252222211','0755-89896666','abcddd@lachesis.com',1,0,0,'2016-12-23 06:01:56','2016-12-23 06:01:56',1,2,'SYSTEM'),(5995746514820,'code-test','user-test-5995746528774','123','USER-TEST','M','189252222211','0755-89896666','abcddd@lachesis.com',1,0,0,'2016-12-23 06:03:37','2016-12-23 06:03:37',1,2,'SYSTEM'),(6065334730578,'code-test','user-test-6065334745322','123','USER-TEST','M','189252222211','0755-89896666','abcddd@lachesis.com',1,0,0,'2016-12-23 06:04:47','2016-12-23 06:04:47',1,2,'SYSTEM'),(6116015357888,'code-test','user-test-6116015373561','123','USER-TEST','M','189252222211','0755-89896666','abcddd@lachesis.com',1,0,0,'2016-12-23 06:05:37','2016-12-23 06:05:37',1,2,'SYSTEM'),(6199508460395,'code-test','user-test-6199508473686','123','USER-TEST','M','189252222211','0755-89896666','abcddd@lachesis.com',1,0,0,'2016-12-23 06:07:01','2016-12-23 06:07:01',1,2,'SYSTEM'),(6270470506077,'code-test','user-test-6270470524729','123','USER-TEST','M','189252222211','0755-89896666','abcddd@lachesis.com',1,0,0,'2016-12-23 06:08:12','2016-12-23 06:08:12',1,2,'SYSTEM'),(6384623619835,'code-test','user-test-6384623633909','123','USER-TEST','M','189252222211','0755-89896666','abcddd@lachesis.com',1,0,0,'2016-12-23 06:10:06','2016-12-23 06:10:06',1,2,'SYSTEM'),(6433579304748,'code-test','user-test-6433579307579','123','USER-TEST','M','189252222211','0755-89896666','abcddd@lachesis.com',1,0,0,'2016-12-23 06:10:55','2016-12-23 06:10:55',1,2,'SYSTEM'),(7237536705342,'code-test','user-test-7237536708027','123','USER-TEST','M','189252222211','0755-89896666','abcddd@lachesis.com',1,0,0,'2016-12-23 06:24:19','2016-12-23 06:24:19',1,2,'SYSTEM'),(15423518008126,'code-test','user-test-15423518014173','123','USER-TEST','M','189252222211','0755-89896666','abcddd@lachesis.com',1,0,0,'2016-12-23 20:30:54','2016-12-23 20:30:54',1,2,'SYSTEM');
/*!40000 ALTER TABLE `T_USER` ENABLE KEYS */;
UNLOCK TABLES;
/*!40103 SET TIME_ZONE=@OLD_TIME_ZONE */;

/*!40101 SET SQL_MODE=@OLD_SQL_MODE */;
/*!40014 SET FOREIGN_KEY_CHECKS=@OLD_FOREIGN_KEY_CHECKS */;
/*!40014 SET UNIQUE_CHECKS=@OLD_UNIQUE_CHECKS */;
/*!40101 SET CHARACTER_SET_CLIENT=@OLD_CHARACTER_SET_CLIENT */;
/*!40101 SET CHARACTER_SET_RESULTS=@OLD_CHARACTER_SET_RESULTS */;
/*!40101 SET COLLATION_CONNECTION=@OLD_COLLATION_CONNECTION */;
/*!40111 SET SQL_NOTES=@OLD_SQL_NOTES */;

-- Dump completed on 2016-12-23 21:14:07
